{
    "Accuracy": [
        1.0,
        1.0,
        0.9999620545200656,
        0.9999924109040131,
        1.0,
        1.0,
        1.0,
        0.9999772327120393,
        0.9996584906805901,
        0.9991120757695343,
        0.9984062898427539,
        0.9999089308481574,
        0.9999165199441442,
        0.9944979054095077,
        0.981353591160221,
        0.9986111954343998,
        0.999734381640459,
        0.9999772327120393,
        0.9998937526561836,
        0.975153299738935,
        0.9676704510958655,
        0.9974804201323538,
        0.9934506101633174,
        0.9994763523769049,
        0.9998558071762491,
        0.9996812579685508,
        0.9999241090401312,
        0.99354167931516,
        0.9985201262825573,
        0.9998178616963147,
        0.9985125371865703,
        0.9999924109040131,
        1.0,
        0.9999241090401312,
        0.9941867524740453,
        0.992676522372655,
        0.9968353469734685,
        0.9907564810879728,
        0.9967670451095866,
        0.9981103150992654,
        0.9987250318742031,
        0.9999848218080263,
        1.0,
        1.0,
        1.0
    ],
    "F1 Score": [
        1.0,
        1.0,
        0.9974709155285787,
        0.9999294433076977,
        1.0,
        1.0,
        1.0,
        0.9976470588235294,
        0.993338267949667,
        0.988900483825064,
        0.9906458797327394,
        0.9512195121951219,
        0.5217391304347826,
        0.9735893045790681,
        0.8459850811759544,
        0.8008705114254625,
        0.9335863377609108,
        0.0,
        0.9946112394149346,
        0.9111822473007433,
        0.8453720508166969,
        0.5310734463276836,
        0.9457607944189554,
        0.12658227848101267,
        0.9923725411481332,
        0.9912023460410557,
        0.995787700084246,
        0.89453463874086,
        0.5617977528089888,
        0.7333333333333333,
        0.7447916666666666,
        0.8888888888888888,
        1.0,
        0.4444444444444444,
        0.8917161436245405,
        0.8924551432073999,
        0.8914910226385636,
        0.7917948717948718,
        0.8459869848156182,
        0.9553363228699552,
        0.8323353293413174,
        0.996875,
        1.0,
        1.0,
        1.0
    ],
    "False Discovery rate": [
        0.0,
        0.0,
        0.005045408678102927,
        0.00014110342881332017,
        0.0,
        0.0,
        0.0,
        0.004694835680751174,
        0.0073964497041420114,
        0.002106069308826345,
        0.009795191451469279,
        0.00847457627118644,
        0.5714285714285714,
        0.021097355505091203,
        0.1662960217445021,
        0.17303370786516853,
        0.061068702290076333,
        1.0,
        0.0007733952049497294,
        0.09407703096342647,
        0.11666540241219753,
        0.5436893203883495,
        0.06452816113390526,
        0.921875,
        0.0040290088638195,
        0.008382229673093043,
        0.0016891891891891893,
        0.13473987053464398,
        0.45414847161572053,
        0.35294117647058826,
        0.21212121212121213,
        0.0,
        0.0,
        0.6923076923076923,
        0.09962888952326578,
        0.13352088292577363,
        0.12423312883435583,
        0.18017699115044247,
        0.2126514131897712,
        0.05399644760213144,
        0.23486238532110093,
        0.0,
        0.0,
        0.0,
        0.0
    ],
    "False Negative": [
        0.0,
        0.0,
        0.0,
        0.0,
        0.0,
        0.0,
        0.0,
        0.0,
        20.0,
        106.0,
        100.0,
        11.0,
        3.0,
        437.0,
        1111.0,
        106.0,
        19.0,
        1.0,
        13.0,
        1530.0,
        2722.0,
        108.0,
        344.0,
        10.0,
        14.0,
        22.0,
        8.0,
        289.0,
        91.0,
        6.0,
        119.0,
        1.0,
        0.0,
        1.0,
        417.0,
        348.0,
        174.0,
        709.0,
        110.0,
        97.0,
        40.0,
        2.0,
        0.0,
        0.0,
        0.0
    ],
    "False Negative rate": [
        0.0,
        0.0,
        0.0,
        0.0,
        0.0,
        0.0,
        0.0,
        0.0,
        0.005925925925925926,
        0.01993230537796164,
        0.008912655971479501,
        0.0859375,
        0.3333333333333333,
        0.03166666666666667,
        0.1413665860796539,
        0.22362869198312235,
        0.07169811320754717,
        1.0,
        0.00996168582375479,
        0.08349705304518663,
        0.18946196143940977,
        0.36486486486486486,
        0.043721403152008134,
        0.6666666666666666,
        0.0112,
        0.009212730318257957,
        0.0067226890756302525,
        0.0741405849153412,
        0.4212962962962963,
        0.15384615384615385,
        0.2938271604938272,
        0.2,
        0.0,
        0.2,
        0.11677401288154579,
        0.07996323529411764,
        0.09220985691573927,
        0.2343801652892562,
        0.0859375,
        0.035144927536231885,
        0.087527352297593,
        0.006230529595015576,
        0.0,
        0.0,
        0.0
    ],
    "False Positive": [
        0.0,
        0.0,
        5.0,
        1.0,
        0.0,
        0.0,
        0.0,
        3.0,
        25.0,
        11.0,
        110.0,
        1.0,
        8.0,
        288.0,
        1346.0,
        77.0,
        16.0,
        2.0,
        1.0,
        1744.0,
        1538.0,
        224.0,
        519.0,
        59.0,
        5.0,
        20.0,
        2.0,
        562.0,
        104.0,
        18.0,
        77.0,
        0.0,
        0.0,
        9.0,
        349.0,
        617.0,
        243.0,
        509.0,
        316.0,
        152.0,
        128.0,
        0.0,
        0.0,
        0.0,
        0.0
    ],
    "False Positive rate": [
        0.0,
        0.0,
        3.8231560918169165e-05,
        8.020403907540783e-06,
        0.0,
        0.0,
        0.0,
        2.2877711008754536e-05,
        0.0001947146651297189,
        8.699090549624357e-05,
        0.0009124995852274612,
        7.596475235490732e-06,
        6.071691497355019e-05,
        0.0024413400244134003,
        0.010862810611012921,
        0.0005864700595609852,
        0.00012167022805563371,
        1.5178307163402065e-05,
        7.665008469834358e-06,
        0.015373223793237191,
        0.013100399485523974,
        0.0017037848363149568,
        0.004188861985472155,
        0.00044780764005373694,
        3.830889226007141e-05,
        0.0001545833977430824,
        1.5316515798986046e-05,
        0.00439508876202393,
        0.0007905619070785697,
        0.00013664417098740596,
        0.0005861620090893174,
        0.0,
        0.0,
        6.830445572732861e-05,
        0.00272237259842274,
        0.0048424059772713005,
        0.0018709434020372495,
        0.003953613011969583,
        0.0024216786217889767,
        0.001178221505643061,
        0.000974785052280464,
        0.0,
        0.0,
        0.0,
        0.0
    ],