{
    "False Negative": [
        0.0,
        0.0,
        0.0,
        0.0,
        0.0,
        0.0,
        0.0,
        0.0,
        20.0,
        106.0,
        100.0,
        11.0,
        3.0,
        436.0,
        1115.0,
        106.0,
        19.0,
        1.0,
        13.0,
        1531.0,
        2717.0,
        107.0,
        346.0,
        10.0,
        13.0,
        22.0,
        8.0,
        289.0,
        89.0,
        6.0,
        119.0,
        1.0,
        0.0,
        1.0,
        418.0,
        349.0,
        174.0,
        709.0,
        110.0,
        97.0,
        44.0,
        2.0,
        0.0,
        0.0,
        0.0
    ],
    "False Positive": [
        0.0,
        0.0,
        4.0,
        1.0,
        0.0,
        0.0,
        0.0,
        3.0,
        25.0,
        11.0,
        114.0,
        1.0,
        8.0,
        289.0,
        1344.0,
        77.0,
        16.0,
        2.0,
        1.0,
        1744.0,
        1545.0,
        224.0,
        519.0,
        59.0,
        5.0,
        20.0,
        2.0,
        558.0,
        104.0,
        18.0,
        77.0,
        0.0,
        0.0,
        9.0,
        349.0,
        617.0,
        241.0,
        509.0,
        316.0,
        152.0,
        128.0,
        0.0,
        0.0,
        0.0,
        0.0
    ],
    "False discovery rate": [
        0.0,
        0.0,
        0.004036326942482341,
        0.00014110342881332017,
        0.0,
        0.0,
        0.0,
        0.004694835680751174,
        0.0073964497041420114,
        0.002106069308826345,
        0.010151380231522707,
        0.00847457627118644,
        0.5714285714285714,
        0.021170610211706103,
        0.16604892512972572,
        0.17303370786516853,
        0.061068702290076333,
        1.0,
        0.0007733952049497294,
        0.09407703096342647,
        0.11719638928923613,
        0.5436893203883495,
        0.06452816113390526,
        0.921875,
        0.0040290088638195,
        0.008382229673093043,
        0.0016891891891891893,
        0.13378086789738672,
        0.45414847161572053,
        0.35294117647058826,
        0.21212121212121213,
        0.0,
        0.0,
        0.6923076923076923,
        0.09962888952326578,
        0.13352088292577363,
        0.12321063394683027,
        0.18017699115044247,
        0.2126514131897712,
        0.05399644760213144,
        0.23486238532110093,
        0.0,
        0.0,
        0.0,
        0.0
    ],
    "False negative rate": [
        0.0,
        0.0,
        0.0,
        0.0,
        0.0,
        0.0,
        0.0,
        0.0,
        0.005925925925925926,
        0.01993230537796164,
        0.00891583452211127,
        0.0859375,
        0.3333333333333333,
        0.03159878243223656,
        0.1417673235855054,
        0.22362869198312235,
        0.07169811320754717,
        1.0,
        0.00996168582375479,
        0.08354706684856752,
        0.189272030651341,
        0.36271186440677966,
        0.043964421855146124,
        0.6666666666666666,
        0.010408326661329063,
        0.009212730318257957,
        0.0067226890756302525,
        0.07406458226550487,
        0.4158878504672897,
        0.15384615384615385,
        0.2938271604938272,
        0.2,
        0.0,
        0.2,
        0.11702127659574468,
        0.08017459223524007,
        0.09211222869242985,
        0.2343801652892562,
        0.0859375,
        0.035144927536231885,
        0.09544468546637744,
        0.006230529595015576,
        0.0,
        0.0,
        0.0
    ],
    "Negative predictive value": [
        1.0,
        1.0,
        1.0,
        1.0,
        1.0,
        1.0,
        1.0,
        1.0,
        0.9998442222014519,
        0.9991623533130507,
        0.999170386102308,
        0.9999164451196354,
        0.9999772302928185,
        0.996308744719219,
        0.9909843621132979,
        0.9991928298927073,
        0.9998555199002327,
        0.9999924107888226,
        0.9999003640544165,
        0.9864788483617416,
        0.9770881646076653,
        0.9991854197752672,
        0.9972034754495858,
        0.9999240721618174,
        0.9999004037478836,
        0.999829960891005,
        0.9999387367518225,
        0.9977350564668448,
        0.9993233945825952,
        0.9999544477933752,
        0.9990944028005022,
        0.9999924106736287,
        1.0,
        0.9999924101552123,
        0.9967411218960746,
        0.9972551456188506,
        0.9986596000369765,
        0.9945014463755303,
        0.9991556776837937,
        0.9992477879537506,
        0.999664692927307,
        0.99998478497364,
        1.0,
        1.0,
        1.0
    ],
    "True Negative": [
        131737.0,
        130624.0,
        130777.0,
        124681.0,
        131587.0,
        131587.0,
        126300.0,
        131129.0,
        128368.0,
        126439.0,
        120438.0,
        131639.0,
        131751.0,
        117681.0,
        122559.0,
        131217.0,
        131487.0,
        131765.0,
        130462.0,
        111699.0,
        115868.0,
        131249.0,
        123379.0,
        131694.0,
        130514.0,
        129360.0,
        130576.0,
        127308.0,
        131450.0,
        131711.0,
        131286.0,
        131763.0,
        128694.0,
        131754.0,
        127847.0,
        126798.0,
        129638.0,
        128234.0,
        130172.0,
        128856.0,
        131179.0,
        131447.0,
        131752.0,
        131498.0,
        130746.0
    ],
    "True Positive": [
        31.0,
        1144.0,
        987.0,
        7086.0,
        181.0,
        181.0,
        5468.0,
        636.0,
        3355.0,
        5212.0,
        11116.0,
        117.0,
        6.0,
        13362.0,
        6750.0,
        368.0,
        246.0,
        0.0,
        1292.0,
        16794.0,
        11638.0,
        188.0,
        7524.0,
        5.0,
        1236.0,
        2366.0,
        1182.0,
        3613.0,
        125.0,
        33.0,
        286.0,
        4.0,
        3074.0,
        4.0,
        3154.0,
        4004.0,
        1715.0,
        2316.0,
        1170.0,
        2663.0,
        417.0,
        319.0,
        16.0,
        270.0,
        1022.0
    ],
    "accuracy": [
        1.0,
        1.0,
        0.9999696436160525,
        0.9999924109040131,
        1.0,
        1.0,
        1.0,
        0.9999772327120393,
        0.9996584906805901,
        0.9991120757695343,
        0.9983759334588064,
        0.9999089308481574,
        0.9999165199441442,
        0.9944979054095077,
        0.9813384129682472,
        0.9986111954343998,
        0.999734381640459,
        0.9999772327120393,
        0.9998937526561836,
        0.9751457106429482,
        0.9676552729038916,
        0.9974880092283407,
        0.9934354319713435,
        0.9994763523769049,
        0.9998633962722361,
        0.9996812579685508,
        0.9999241090401312,
        0.9935720356991076,
        0.998535304474531,
        0.9998178616963147,
        0.9985125371865703,
        0.9999924109040131,
        1.0,
        0.9999241090401312,
        0.9941791633780585,
        0.992668933276668,
        0.9968505251654423,
        0.9907564810879728,
        0.9967670451095866,
        0.9981103150992654,
        0.9986946754902556,
        0.9999848218080263,
        1.0,
        1.0,
        1.0
    ],