{
    "False Negative": [
        0.0,
        0.0,
        0.0,
        0.0,
        0.0,
        0.0,
        0.0,
        0.0,
        25.0,
        111.0,
        85.0,
        20.0,
        3.0,
        783.0,
        1469.0,
        175.0,
        51.0,
        0.0,
        28.0,
        2521.0,
        2627.0,
        63.0,
        550.0,
        0.0,
        174.0,
        20.0,
        8.0,
        216.0,
        37.0,
        1.0,
        221.0,
        2.0,
        0.0,
        0.0,
        674.0,
        591.0,
        228.0,
        862.0,
        397.0,
        110.0,
        0.0,
        2.0,
        0.0,
        0.0,
        0.0
    ],
    "False Positive": [
        0.0,
        0.0,
        20.0,
        1.0,
        0.0,
        0.0,
        0.0,
        3.0,
        24.0,
        8.0,
        227.0,
        0.0,
        7.0,
        220.0,
        1310.0,
        36.0,
        11.0,
        2.0,
        1.0,
        2019.0,
        2383.0,
        260.0,
        515.0,
        64.0,
        0.0,
        24.0,
        0.0,
        700.0,
        172.0,
        50.0,
        121.0,
        0.0,
        0.0,
        8.0,
        1085.0,
        754.0,
        266.0,
        734.0,
        426.0,
        342.0,
        261.0,
        0.0,
        0.0,
        0.0,
        0.0
    ],
    "False discovery rate": [
        0.0,
        0.0,
        0.020181634712411706,
        0.00014110342881332017,
        0.0,
        0.0,
        0.0,
        0.004694835680751174,
        0.007100591715976331,
        0.0015316867700555237,
        0.020213713268032056,
        0.0,
        0.5,
        0.016116035455278,
        0.1618482826785273,
        0.08089887640449438,
        0.04198473282442748,
        1.0,
        0.0007733952049497294,
        0.1089114251807099,
        0.18076310399757264,
        0.6310679611650486,
        0.06403083426582121,
        1.0,
        0.0,
        0.010058675607711651,
        0.0,
        0.16782546152001918,
        0.7510917030567685,
        0.9803921568627451,
        0.3333333333333333,
        0.0,
        0.0,
        0.6153846153846154,
        0.30973451327433627,
        0.1631681454230686,
        0.1359918200408998,
        0.2598230088495575,
        0.28667563930013457,
        0.12149200710479574,
        0.47889908256880737,
        0.0,
        0.0,
        0.0,
        0.0
    ],
    "False negative rate": [
        0.0,
        0.0,
        0.0,
        0.0,
        0.0,
        0.0,
        0.0,
        0.0,
        0.007394262052647146,
        0.020841156590311678,
        0.007665945165945166,
        0.14492753623188406,
        0.3,
        0.05508653440270156,
        0.17799588028595661,
        0.2996575342465753,
        0.16887417218543047,
        0.0,
        0.021212121212121213,
        0.13240546218487395,
        0.19565055485216354,
        0.2930232558139535,
        0.06808615994057936,
        0.0,
        0.12296819787985866,
        0.008396305625524769,
        0.006711409395973154,
        0.05858421480878763,
        0.39361702127659576,
        0.5,
        0.4773218142548596,
        0.3333333333333333,
        0.0,
        0.0,
        0.21798188874514876,
        0.1325706594885599,
        0.11887382690302398,
        0.29190653572638,
        0.272477693891558,
        0.04258614014711576,
        0.0,
        0.006230529595015576,
        0.0,
        0.0,
        0.0
    ],
    "Negative predictive value": [
        1.0,
        1.0,
        1.0,
        1.0,
        1.0,
        1.0,
        1.0,
        1.0,
        0.9998052777518148,
        0.9991228416768738,
        0.9992948281869618,
        0.9998480820357007,
        0.9999772302928185,
        0.9933709796219004,
        0.9881219981564435,
        0.9986674078417337,
        0.9996121849953614,
        1.0,
        0.9997853995018203,
        0.9777355824428156,
        0.9778471138845554,
        0.9995203873443163,
        0.995554657506567,
        1.0,
        0.9986669424716725,
        0.9998454189918227,
        0.9999387367518225,
        0.998307170231275,
        0.9997187146017531,
        0.9999924079655625,
        0.9983181766295042,
        0.9999848213472572,
        1.0,
        1.0,
        0.9947452539663977,
        0.99535183685026,
        0.9982436138415555,
        0.9933148755651722,
        0.9969527640042369,
        0.9991469760300264,
        1.0,
        0.99998478497364,
        1.0,
        1.0,
        1.0
    ],
    "True Negative": [
        131737.0,
        130624.0,
        130777.0,
        124681.0,
        131587.0,
        131587.0,
        126300.0,
        131129.0,
        128363.0,
        126434.0,
        120453.0,
        131630.0,
        131751.0,
        117334.0,
        122205.0,
        131148.0,
        131455.0,
        131766.0,
        130447.0,
        110709.0,
        115958.0,
        131293.0,
        123175.0,
        131704.0,
        130353.0,
        129362.0,
        130576.0,
        127381.0,
        131502.0,
        131716.0,
        131184.0,
        131762.0,
        128694.0,
        131755.0,
        127591.0,
        126556.0,
        129584.0,
        128081.0,
        129885.0,
        128843.0,
        131223.0,
        131447.0,
        131752.0,
        131498.0,
        130746.0
    ],
    "True Positive": [
        31.0,
        1144.0,
        971.0,
        7086.0,
        181.0,
        181.0,
        5468.0,
        636.0,
        3356.0,
        5215.0,
        11003.0,
        118.0,
        7.0,
        13431.0,
        6784.0,
        409.0,
        251.0,
        0.0,
        1292.0,
        16519.0,
        10800.0,
        152.0,
        7528.0,
        0.0,
        1241.0,
        2362.0,
        1184.0,
        3471.0,
        57.0,
        1.0,
        242.0,
        4.0,
        3074.0,
        5.0,
        2418.0,
        3867.0,
        1690.0,
        2091.0,
        1060.0,
        2473.0,
        284.0,
        319.0,
        16.0,
        270.0,
        1022.0
    ],
    "accuracy": [
        1.0,
        1.0,
        0.9998482180802623,
        0.9999924109040131,
        1.0,
        1.0,
        1.0,
        0.9999772327120393,
        0.9996281342966425,
        0.9990968975775606,
        0.9976322020520916,
        0.9998482180802623,
        0.9999241090401312,
        0.9923881367251532,
        0.9789099022524437,
        0.9983987007467671,
        0.999529476048813,
        0.9999848218080263,
        0.9997799162163803,
        0.9655455042195373,
        0.961978629105701,
        0.9975487219962358,
        0.9919176127739664,
        0.9995142978568393,
        0.9986794972982819,
        0.9996660797765771,
        0.9999392872321049,
        0.9930483880760124,
        0.9984138789387408,
        0.9996129561046688,
        0.997404529172485,
        0.9999848218080263,
        1.0,
        0.9999392872321049,
        0.9866507801590675,
        0.9897926658976383,
        0.9962509865824783,
        0.9878878028049298,
        0.9937541740027928,
        0.9965697286139276,
        0.9980192459474228,
        0.9999848218080263,
        1.0,
        1.0,
        1.0
    ],